[
  {
    "id": "e4e806e7-6ad0-4357-852c-bdc92cc93775",
    "data": [
      {
        "text": "2",
        "meta": "@WelcomeMenuOption",
        "alias": "WelcomeMenuOption",
        "userDefined": true
      }
    ],
    "isTemplate": false,
    "count": 0,
    "lang": "en",
    "updated": 0
  },
  {
    "id": "92edcf34-ca30-429b-ba12-4e1a6b22538c",
    "data": [
      {
        "text": "book a ",
        "userDefined": false
      },
      {
        "text": "sedan",
        "meta": "@CabType",
        "alias": "CabType",
        "userDefined": true
      }
    ],
    "isTemplate": false,
    "count": 0,
    "lang": "en",
    "updated": 0
  },
  {
    "id": "554e297a-2414-4d83-948f-a1a7e90c66da",
    "data": [
      {
        "text": "suv",
        "meta": "@CabType",
        "alias": "CabType",
        "userDefined": true
      }
    ],
    "isTemplate": false,
    "count": 0,
    "lang": "en",
    "updated": 0
  },
  {
    "id": "f97e3caa-d807-4f47-a6f4-8f92e0465939",
    "data": [
      {
        "text": "sedan",
        "meta": "@CabType",
        "alias": "CabType",
        "userDefined": true
      }
    ],
    "isTemplate": false,
    "count": 0,
    "lang": "en",
    "updated": 0
  },
  {
    "id": "795a6785-8133-4f8f-9b50-f0b848a731e3",
    "data": [
      {
        "text": "book taxi",
        "userDefined": false
      }
    ],
    "isTemplate": false,
    "count": 0,
    "lang": "en",
    "updated": 0
  },
  {
    "id": "f3f26d93-8872-4354-8120-320726cf379d",
    "data": [
      {
        "text": "Book a taxi",
        "userDefined": false
      }
    ],
    "isTemplate": false,
    "count": 0,
    "lang": "en",
    "updated": 0
  },
  {
    "id": "72b4321a-6c17-4f80-a6c7-6a4c500391e0",
    "data": [
      {
        "text": "book cab",
        "userDefined": false
      }
    ],
    "isTemplate": false,
    "count": 0,
    "lang": "en",
    "updated": 0
  },
  {
    "id": "174db450-6233-4f9b-a794-1416cd48cbe9",
    "data": [
      {
        "text": "cab",
        "userDefined": false
      }
    ],
    "isTemplate": false,
    "count": 0,
    "lang": "en",
    "updated": 0
  },
  {
    "id": "75ac7734-e624-448f-bc0e-f4df4149037c",
    "data": [
      {
        "text": "taxi",
        "userDefined": false
      }
    ],
    "isTemplate": false,
    "count": 1,
    "lang": "en",
    "updated": 0
  }
]