[
  {
    "id": "f39412a6-d7ff-49a7-b04c-c5ffdf7d59f5",
    "data": [
      {
        "text": "1",
        "meta": "@WelcomeMenuOption",
        "alias": "WelcomeMenuOption",
        "userDefined": true
      }
    ],
    "isTemplate": false,
    "count": 0,
    "lang": "en",
    "updated": 0
  },
  {
    "id": "3911e528-dc45-416d-bd8a-4059dd9ceb0a",
    "data": [
      {
        "text": "Book ",
        "userDefined": false
      },
      {
        "text": "hotel",
        "meta": "@venue-accomodation-type",
        "alias": "venue-accomodation-type",
        "userDefined": false
      },
      {
        "text": " in ",
        "userDefined": false
      },
      {
        "text": "london",
        "meta": "@sys.geo-city",
        "alias": "geo-city",
        "userDefined": false
      }
    ],
    "isTemplate": false,
    "count": 0,
    "lang": "en",
    "updated": 0
  },
  {
    "id": "0525345c-f94e-4c27-9dbe-e76b718e031c",
    "data": [
      {
        "text": "hotel",
        "meta": "@venue-accomodation-type",
        "alias": "venue-accomodation-type",
        "userDefined": false
      },
      {
        "text": " reservation",
        "userDefined": false
      }
    ],
    "isTemplate": false,
    "count": 0,
    "lang": "en",
    "updated": 0
  },
  {
    "id": "69469c6d-486c-41d7-b8d6-47be5db58f05",
    "data": [
      {
        "text": "book ",
        "userDefined": false
      },
      {
        "text": "hotel",
        "meta": "@venue-accomodation-type",
        "alias": "venue-accomodation-type",
        "userDefined": false
      }
    ],
    "isTemplate": false,
    "count": 0,
    "lang": "en",
    "updated": 0
  },
  {
    "id": "021cca19-40ac-4021-9221-ac60131a5b54",
    "data": [
      {
        "text": "want to book ",
        "userDefined": false
      },
      {
        "text": "hotel",
        "meta": "@venue-accomodation-type",
        "alias": "venue-accomodation-type",
        "userDefined": false
      }
    ],
    "isTemplate": false,
    "count": 0,
    "lang": "en",
    "updated": 0
  },
  {
    "id": "3c9bb8e0-757c-48f4-b38f-b60940a1ffbf",
    "data": [
      {
        "text": "hotel",
        "meta": "@venue-accomodation-type",
        "alias": "venue-accomodation-type",
        "userDefined": false
      }
    ],
    "isTemplate": false,
    "count": 0,
    "lang": "en",
    "updated": 0
  }
]