[
  {
    "id": "a4fb259c-3e75-405a-aaef-7412275fecf3",
    "data": [
      {
        "text": "2",
        "meta": "@BuySellType",
        "alias": "buyselltype",
        "userDefined": false
      }
    ],
    "isTemplate": false,
    "count": 0,
    "lang": "en",
    "updated": 0
  },
  {
    "id": "6c61758b-6c83-4d2f-9bb9-d71b38a1c70e",
    "data": [
      {
        "text": "Sell",
        "meta": "@BuySellType",
        "alias": "buyselltype",
        "userDefined": false
      }
    ],
    "isTemplate": false,
    "count": 0,
    "lang": "en",
    "updated": 0
  }
]