[
  {
    "id": "ec32f5a2-4449-46a8-a295-3cdf34e5f22a",
    "data": [
      {
        "text": "1",
        "meta": "@BuySellType",
        "alias": "buyselltype",
        "userDefined": false
      }
    ],
    "isTemplate": false,
    "count": 0,
    "lang": "en",
    "updated": 0
  },
  {
    "id": "45b645ea-c440-464a-8aca-fe3115cc839c",
    "data": [
      {
        "text": "Buy",
        "meta": "@BuySellType",
        "alias": "buyselltype",
        "userDefined": false
      }
    ],
    "isTemplate": false,
    "count": 0,
    "lang": "en",
    "updated": 0
  }
]