[
  {
    "id": "43e92b87-96ca-4d88-a133-7032f84ddddd",
    "data": [
      {
        "text": "sell",
        "userDefined": false
      }
    ],
    "isTemplate": false,
    "count": 0,
    "lang": "en",
    "updated": 0
  },
  {
    "id": "ca8411cf-f1d7-4093-930c-6b487a10a980",
    "data": [
      {
        "text": "buy and sell",
        "meta": "@CalcType",
        "alias": "CalcType",
        "userDefined": false
      }
    ],
    "isTemplate": false,
    "count": 0,
    "lang": "en",
    "updated": 0
  },
  {
    "id": "c8f4df06-4eff-4ea5-a9ca-872984310433",
    "data": [
      {
        "text": "buy",
        "userDefined": false
      }
    ],
    "isTemplate": false,
    "count": 0,
    "lang": "en",
    "updated": 0
  },
  {
    "id": "69817211-7bde-408d-b7bc-70e4dda1ed3d",
    "data": [
      {
        "text": "Buy-Sell",
        "meta": "@CalcType",
        "alias": "CalcType",
        "userDefined": false
      }
    ],
    "isTemplate": false,
    "count": 0,
    "lang": "en",
    "updated": 0
  },
  {
    "id": "08374c8a-b54c-40a6-8a64-172c0866175a",
    "data": [
      {
        "text": "1",
        "meta": "@CalcType",
        "alias": "CalcType",
        "userDefined": true
      }
    ],
    "isTemplate": false,
    "count": 0,
    "lang": "en",
    "updated": 0
  }
]