[
  {
    "id": "43b65a8b-8a65-4dc4-aac8-0d64d6622a39",
    "data": [
      {
        "text": "3",
        "meta": "@WelcomeMenuOption",
        "alias": "WelcomeMenuOption",
        "userDefined": false
      }
    ],
    "isTemplate": false,
    "count": 0,
    "lang": "en",
    "updated": 0
  },
  {
    "id": "ecebc375-f85c-47ce-a00f-836279a4ec69",
    "data": [
      {
        "text": "I want to use ",
        "userDefined": false
      },
      {
        "text": "a calculator",
        "meta": "@CalcType",
        "alias": "calctype",
        "userDefined": false
      }
    ],
    "isTemplate": false,
    "count": 0,
    "lang": "en",
    "updated": 0
  },
  {
    "id": "66e269f7-a307-4e18-9b05-ed5e53b291a1",
    "data": [
      {
        "text": "calc",
        "userDefined": false
      }
    ],
    "isTemplate": false,
    "count": 0,
    "lang": "en",
    "updated": 0
  },
  {
    "id": "6fb44f72-5567-4d07-b6af-00b0e818059f",
    "data": [
      {
        "text": "calculator",
        "userDefined": false
      }
    ],
    "isTemplate": false,
    "count": 0,
    "lang": "en",
    "updated": 0
  },
  {
    "id": "0c2e2702-f101-4301-a871-8563adc84c80",
    "data": [
      {
        "text": "I want to use financial calculator",
        "userDefined": false
      }
    ],
    "isTemplate": false,
    "count": 0,
    "lang": "en",
    "updated": 0
  }
]