[
  {
    "id": "e107c4d3-3bb5-405c-acb4-08dd19ce5b47",
    "data": [
      {
        "text": "2",
        "meta": "@CalcType",
        "alias": "calctype",
        "userDefined": false
      }
    ],
    "isTemplate": false,
    "count": 0,
    "lang": "en",
    "updated": 0
  },
  {
    "id": "d505c880-5751-4b7c-9338-69a8b5c974e6",
    "data": [
      {
        "text": "Pension",
        "meta": "@CalcType",
        "alias": "calctype",
        "userDefined": false
      }
    ],
    "isTemplate": false,
    "count": 0,
    "lang": "en",
    "updated": 0
  }
]