[
  {
    "id": "1d606e1f-ae45-41a8-8bb5-5ae73c5fb592",
    "data": [
      {
        "text": "I would like to book a table for tonight at 8 pm",
        "userDefined": false
      }
    ],
    "isTemplate": false,
    "count": 0,
    "lang": "en",
    "updated": 0
  },
  {
    "id": "e82f99ac-3b57-4580-aed8-8fc78b721d0d",
    "data": [
      {
        "text": "I would like to book a flight",
        "userDefined": false
      }
    ],
    "isTemplate": false,
    "count": 0,
    "lang": "en",
    "updated": 0
  },
  {
    "id": "d66f1dac-a30b-4d88-9edd-a21c09e5deb9",
    "data": [
      {
        "text": "could you please book a flight to Hawaii for the next weekend",
        "userDefined": false
      }
    ],
    "isTemplate": false,
    "count": 0,
    "lang": "en",
    "updated": 0
  },
  {
    "id": "14259600-6283-4c98-b987-fcd6917946c0",
    "data": [
      {
        "text": "book the flight to London for 2 people",
        "userDefined": false
      }
    ],
    "isTemplate": false,
    "count": 0,
    "lang": "en",
    "updated": 0
  },
  {
    "id": "719c03cf-5d87-4f50-80de-b520c2993117",
    "data": [
      {
        "text": "book the flight to New York",
        "userDefined": false
      }
    ],
    "isTemplate": false,
    "count": 0,
    "lang": "en",
    "updated": 0
  },
  {
    "id": "eced1ad6-cd04-4e05-a49d-ea28acee1ee0",
    "data": [
      {
        "text": "book a flight",
        "userDefined": false
      }
    ],
    "isTemplate": false,
    "count": 0,
    "lang": "en",
    "updated": 0
  },
  {
    "id": "822545da-b524-47e0-9c79-58eb0d408820",
    "data": [
      {
        "text": "reserve a table in nearest restaurant",
        "userDefined": false
      }
    ],
    "isTemplate": false,
    "count": 0,
    "lang": "en",
    "updated": 0
  },
  {
    "id": "7dd405c5-e6cd-40fd-b60c-ec8dd867a243",
    "data": [
      {
        "text": "reserve a table",
        "userDefined": false
      }
    ],
    "isTemplate": false,
    "count": 0,
    "lang": "en",
    "updated": 0
  },
  {
    "id": "68e474aa-b97a-4624-af43-5798185f8ace",
    "data": [
      {
        "text": "can I book a car for a week",
        "userDefined": false
      }
    ],
    "isTemplate": false,
    "count": 0,
    "lang": "en",
    "updated": 0
  },
  {
    "id": "69c105d8-efa6-4237-bdeb-0334e16309a2",
    "data": [
      {
        "text": "book a car",
        "userDefined": false
      }
    ],
    "isTemplate": false,
    "count": 0,
    "lang": "en",
    "updated": 0
  }
]