[
  {
    "id": "8d6ac808-7b94-4f3b-98e9-7a362652ee20",
    "data": [
      {
        "text": "???",
        "userDefined": false
      }
    ],
    "isTemplate": false,
    "count": 0,
    "lang": "en",
    "updated": 0
  },
  {
    "id": "29312ca1-6a9f-4e71-b92c-8b9cac9c72cd",
    "data": [
      {
        "text": "??",
        "userDefined": false
      }
    ],
    "isTemplate": false,
    "count": 0,
    "lang": "en",
    "updated": 0
  },
  {
    "id": "1392a352-7a15-4a1c-9a76-f5b39ad3d89a",
    "data": [
      {
        "text": "?",
        "userDefined": false
      }
    ],
    "isTemplate": false,
    "count": 0,
    "lang": "en",
    "updated": 0
  },
  {
    "id": "4e680043-8c5f-4ffc-8382-d2516860652a",
    "data": [
      {
        "text": "I want to",
        "userDefined": false
      }
    ],
    "isTemplate": false,
    "count": 0,
    "lang": "en",
    "updated": 0
  },
  {
    "id": "a24b3cd4-232f-4dc7-abed-db05cca27313",
    "data": [
      {
        "text": "Can you help me",
        "userDefined": false
      }
    ],
    "isTemplate": false,
    "count": 0,
    "lang": "en",
    "updated": 0
  },
  {
    "id": "040ccd7e-9bb8-4138-bea7-dbfe94b6b2f1",
    "data": [
      {
        "text": "There",
        "userDefined": false
      }
    ],
    "isTemplate": false,
    "count": 0,
    "lang": "en",
    "updated": 0
  },
  {
    "id": "00010d50-df16-4ddc-819f-3a0e26b1d0b8",
    "data": [
      {
        "text": "I need help",
        "userDefined": false
      }
    ],
    "isTemplate": false,
    "count": 0,
    "lang": "en",
    "updated": 0
  },
  {
    "id": "77bfc0f8-5530-419d-9522-38106ea69e09",
    "data": [
      {
        "text": "Hello",
        "userDefined": false
      }
    ],
    "isTemplate": false,
    "count": 0,
    "lang": "en",
    "updated": 0
  },
  {
    "id": "69220c66-2f33-4250-ba9b-c01ac9e306e4",
    "data": [
      {
        "text": "Hi",
        "userDefined": false
      }
    ],
    "isTemplate": false,
    "count": 0,
    "lang": "en",
    "updated": 0
  }
]